"Season","TeamName","Tempo","RankTempo","AdjTempo","RankAdjTempo","OE","RankOE","AdjOE","RankAdjOE","DE","RankDE","AdjDE","RankAdjDE","AdjEM","RankAdjEM"
"2017","Abilene Christian",67.8394,257,65.7438,285,98.142,282,96.9951,304,105.174,210,108.855,252,-11.8599,298
"2017","Air Force",68.9391,211,66.9892,233,102.559,183,104.337,174,108.637,285,109.55,270,-5.2123,222
"2017","Akron",68.1375,247,66.2022,265,112.195,27,112.557,46,105.069,206,106.456,209,6.10133,100
"2017","Alabama",67.3984,274,65.0772,302,100.248,239,105.287,153,94.7225,16,92.204,10,13.0828,56
"2017","Alabama A&M",65.7056,315,64.2865,317,93.0062,338,91.4061,342,117.049,350,121.747,350,-30.341,351
"2017","Alabama St.",69.452,180,68.3874,162,93.1581,335,91.0925,345,106.208,230,112.75,315,-21.6573,342
"2017","Albany",64.7768,334,64.1801,320,108.666,69,107.502,116,102.102,138,104.838,178,2.66404,129
"2017","Alcorn St.",68.6334,225,67.6593,202,98.2934,279,95.443,322,99.9804,75,105.951,197,-10.5077,285
"2017","American",65.1501,327,64.2446,318,94.1691,328,95.1445,325,104.676,197,108.088,240,-12.9435,307
"2017","Appalachian St.",71.4327,77,70.3872,62,98.3696,277,99.5244,268,108.141,269,109.129,261,-9.60427,274
"2017","Arizona",67.197,280,65.9952,276,113.67,18,118.362,16,98.2449,48,95.0565,28,23.3054,18
"2017","Arizona St.",72.4749,47,69.9683,78,107.536,89,111.838,55,112.335,332,109.031,257,2.80635,125
"2017","Arkansas",71.5875,70,69.6564,89,110.631,44,116.07,28,103.368,168,99.8245,76,16.2458,35
"2017","Arkansas Pine Bluff",68.7178,221,67.528,210,87.7185,350,85.6652,351,105.688,221,110.941,299,-25.2755,348
"2017","Arkansas St.",68.5638,228,67.2234,217,105.362,135,106.382,138,101.011,112,103.398,149,2.98435,124
"2017","Army",71.9306,59,71.2667,37,98.9956,267,98.6077,282,100.889,107,104.646,175,-6.0387,230
"2017","Auburn",75.2285,11,73.4827,10,106.061,118,111.859,54,105.17,208,103.34,145,8.51901,82
"2017","Austin Peay",71.604,69,69.9423,80,105.32,138,106.153,143,117.643,351,117.228,342,-11.075,289
"2017","Ball St.",72.8639,37,71.0239,49,105.73,126,104.753,164,102.953,159,105.374,189,-0.620483,180
"2017","Baylor",65.0831,329,63.6406,328,110.614,45,117.095,23,98.4352,51,92.8664,16,24.2286,13
"2017","Belmont",68.9243,212,67.9648,189,109.863,51,110.879,65,101.334,120,102.716,129,8.16278,83
"2017","Bethune Cookman",69.7597,162,68.1949,177,98.5587,274,94.9823,328,109.999,311,115.421,335,-20.4383,340
"2017","Binghamton",66.7737,293,65.8215,279,97.2953,296,96.2395,316,106.799,241,110.004,282,-13.7647,314
"2017","Boise St.",70.4101,121,69.4502,97,106.2,113,109.223,85,102.304,143,102.218,114,7.00524,94
"2017","Boston College",72.5059,45,71.0607,46,100.055,243,103.905,185,108.431,277,104.181,163,-0.27643,173
"2017","Boston University",69.9055,153,69.556,94,102.176,195,101.705,227,100.267,87,103.384,148,-1.67837,192
"2017","Bowling Green",72.3999,49,69.9229,81,99.8749,248,100.071,257,105.822,222,107.236,220,-7.16449,249
"2017","Bradley",68.4446,233,67.5819,207,95.1309,325,98.4115,283,103.569,172,102.702,128,-4.2907,217
"2017","Brown",71.8143,63,71.2322,40,104.094,161,104.156,178,110.713,323,113.991,325,-9.83506,277
"2017","Bryant",69.994,146,69.0932,110,102.465,189,101.751,225,108.175,270,112.017,307,-10.2665,281
"2017","Bucknell",70.5939,111,69.8672,84,108.157,79,109.702,79,96.5316,32,100.319,83,9.38333,76
"2017","Buffalo",73.3066,32,71.2592,38,104.83,144,105.357,152,101.969,133,102.218,113,3.13913,122
"2017","Butler",67.2412,277,65.8484,278,112.519,24,117.726,20,101.742,131,96.9677,49,20.7581,25
"2017","BYU",75.5787,9,75.5231,4,106.444,109,109.133,87,98.5054,52,100.477,87,8.65614,80
"2017","Cal Poly",66.6878,295,65.2638,301,99.0526,262,100.108,256,109.024,292,113.035,320,-12.9266,306
"2017","Cal St. Bakersfield",69.1118,200,67.1495,220,98.8713,268,100.933,242,91.473,3,93.6944,20,7.23899,90
"2017","Cal St. Fullerton",70.3634,124,68.7667,130,99.8912,247,97.0427,302,100.725,103,105.578,192,-8.53499,261
"2017","Cal St. Northridge",73.967,23,72.6574,17,103.943,164,104.088,182,109.202,296,114.565,332,-10.4772,284
"2017","California",66.3045,305,65.6698,289,101.34,219,104.851,160,94.3527,15,92.7197,14,12.1314,62
"2017","Campbell",67.0441,284,65.6691,290,103.204,177,100.442,251,106.419,237,110.491,290,-10.0487,278
"2017","Canisius",71.4253,79,69.5133,95,108.722,68,108.624,97,107.803,264,109.893,281,-1.26908,187
"2017","Central Arkansas",72.1993,53,71.0419,48,102.22,194,104.007,184,115.395,344,117.478,344,-13.4711,308
"2017","Central Connecticut",66.4669,299,64.8454,309,93.8104,331,92.9177,335,108.68,287,113.902,324,-20.9846,341
"2017","Central Michigan",77.0545,4,75.2757,5,111.024,40,111.608,56,115.056,343,117.619,345,-6.01086,229
"2017","Charleston Southern",69.2023,193,68.1543,178,103.314,174,103.214,192,111.447,328,116.702,341,-13.4885,309
"2017","Charlotte",73.9172,25,72.7094,15,101.587,209,103.188,193,107.443,253,109.54,269,-6.35143,237
"2017","Chattanooga",67.4406,271,65.3627,295,107.286,92,106.661,134,102.3,142,102.338,119,4.3238,114
"2017","Chicago St.",69.4958,176,66.9802,235,88.309,349,92.3155,338,111.586,330,110.915,298,-18.5998,335
"2017","Cincinnati",65.1184,328,63.5088,330,112.678,20,114.979,34,93.9249,12,92.7945,15,22.1848,23
"2017","Clemson",67.722,263,66.322,262,110.185,49,114.926,35,105.174,209,100.47,86,14.4566,45
"2017","Cleveland St.",68.7323,219,65.3503,297,96.0531,315,96.5075,312,103.047,162,103.158,139,-6.65062,242
"2017","Coastal Carolina",70.4939,114,68.7866,127,100.841,229,101.819,222,104.098,187,105.381,190,-3.56172,207
"2017","Colgate",66.3583,300,64.9644,304,97.7897,291,98.7493,276,104.998,204,107.603,230,-8.85375,268
"2017","College of Charleston",65.6905,317,64.4366,314,105.316,139,106.175,142,98.8844,59,98.9263,66,7.24888,89
"2017","Colorado",68.7649,218,67.7036,201,108.845,66,112.624,44,103.959,184,102.321,116,10.3038,72
"2017","Colorado St.",67.9107,252,66.7034,250,105.595,130,108.524,99,99.6163,70,100.852,93,7.67196,86
"2017","Columbia",69.6934,167,68.8894,119,101.085,226,101.087,236,105.04,205,107.351,223,-6.26425,235
"2017","Connecticut",65.2291,326,64.9765,303,101.356,218,105.204,156,100.49,93,98.6698,63,6.53384,96
"2017","Coppin St.",70.3996,122,68.6568,138,92.3757,341,93.6329,331,111.565,329,115.617,336,-21.984,343
"2017","Cornell",71.0535,93,69.6468,90,98.7816,269,99.747,264,108.337,275,108.423,246,-8.67567,263
"2017","Creighton",72.5662,44,71.1058,45,111.777,31,115.308,32,100.763,104,96.4793,46,18.8288,28
"2017","Dartmouth",68.1467,246,67.3101,216,97.9517,284,99.2104,270,109.461,302,112.103,309,-12.8926,305
"2017","Davidson",69.4706,178,68.3992,159,105.514,133,108.456,102,102.442,145,100.752,92,7.70365,85
"2017","Dayton",69.1271,198,68.3754,163,108.661,70,111.87,53,96.1237,26,96.2978,43,15.5718,39
"2017","Delaware",66.2368,307,64.7607,310,97.5628,294,97.3474,298,110.14,314,108.47,248,-11.1224,290
"2017","Delaware St.",67.8164,259,65.6895,288,96.8151,304,94.2017,329,110.302,320,114.295,328,-20.0929,339
"2017","Denver",69.0277,205,66.7232,247,109.189,59,107.726,112,107.23,251,109.135,262,-1.40902,189
"2017","DePaul",68.9953,207,67.5809,208,99.7362,251,103.479,190,108.012,267,104.53,172,-1.05009,184
"2017","Detroit",74.5056,14,72.5614,18,101.177,223,102.31,213,113.393,336,114.52,331,-12.2091,302
"2017","Drake",70.2398,131,69.5603,93,99.9516,246,102.935,200,109.63,304,111.105,302,-8.17042,258
"2017","Drexel",71.565,71,70.2921,68,102.691,181,102.866,202,109.424,301,110.06,283,-7.19338,250
"2017","Duke",69.826,156,68.2145,175,115.709,10,121.041,6,100.651,98,96.8676,47,24.1733,14
"2017","Duquesne",70.9605,97,69.9487,79,99.4849,253,101.944,219,104.864,202,107.263,221,-5.31877,224
"2017","East Carolina",66.7545,294,66.8166,240,94.6896,327,97.0309,303,98.2193,47,98.5138,62,-1.48289,191
"2017","East Tennessee St.",71.4978,74,70.0797,74,109.382,57,108.005,106,96.7561,36,96.9013,48,11.1033,67
"2017","Eastern Illinois",70.2517,129,68.5424,148,101.679,207,100.146,255,101.93,132,104.978,182,-4.83233,220
"2017","Eastern Kentucky",69.5892,171,67.4884,213,98.44,276,98.3959,285,107.671,263,107.84,235,-9.44408,272
"2017","Eastern Michigan",70.308,126,68.0618,184,105.913,121,106.108,146,106.391,234,104.914,180,1.19431,148
"2017","Eastern Washington",68.0259,251,66.6252,254,111.277,37,109.594,82,109.007,291,110.85,296,-1.25639,186
"2017","Elon",68.5529,229,67.7081,200,104.643,149,104.364,172,102.444,146,102.182,112,2.18183,136
"2017","Evansville",67.1931,281,66.7325,244,101.494,213,104.075,183,102.788,154,103.248,143,0.827712,154
"2017","Fairfield",71.713,65,69.1487,108,100.376,237,99.7799,263,101.555,128,103.075,138,-3.29549,204
"2017","Fairleigh Dickinson",69.9441,150,68.9776,114,102.514,185,103.08,196,107.974,266,111.861,305,-8.78073,267
"2017","FIU",66.3248,303,64.9083,306,102.163,196,102.923,201,109.132,294,112.549,313,-9.62629,276
"2017","Florida",70.0827,137,68.9446,116,109.847,52,116.946,24,93.8493,11,89.4487,5,27.4975,5
"2017","Florida A&M",71.1677,87,69.1917,105,97.0728,301,93.6013,332,109.267,298,116.205,339,-22.6034,345
"2017","Florida Atlantic",69.8313,155,68.8315,125,97.8816,287,98.6303,281,106.288,231,107.964,237,-9.33341,271
"2017","Florida Gulf Coast",68.2422,244,65.7941,281,111.465,34,109.391,84,102.973,160,104.326,167,5.06499,108
"2017","Florida St.",72.4954,46,71.2326,39,113.073,19,115.509,31,99.6639,71,95.4487,31,20.0601,26
"2017","Fordham",66.3097,304,64.1801,319,95.0943,326,96.9437,307,100.134,82,99.9933,81,-3.04956,202
"2017","Fort Wayne",74.3726,15,71.5244,34,111.209,39,108.811,93,106.994,248,107.97,238,0.841573,153
"2017","Fresno St.",69.949,149,68.4333,157,101.871,203,104.548,167,98.8842,58,98.1763,60,6.37205,98
"2017","Furman",66.7749,292,66.0454,273,107.6,87,106.982,127,100.304,88,101.775,107,5.2066,106
"2017","Gardner Webb",71.0183,95,70.6742,55,103.385,173,102.734,205,99.5539,65,103.497,155,-0.762894,181
"2017","George Mason",69.2384,189,68.7707,129,104.635,150,107.327,120,102.137,139,104.188,164,3.13889,123
"2017","George Washington",66.9371,288,65.7575,283,104.418,157,107.665,114,104.245,190,105.352,188,2.31237,132
"2017","Georgetown",70.1557,134,68.561,146,104.764,146,108.434,103,102.263,141,97.7111,58,10.7231,69
"2017","Georgia",69.534,175,67.063,227,101.598,208,108.741,96,100.404,91,96.3573,44,12.3838,61
"2017","Georgia Southern",70.0413,139,68.4645,154,105.195,142,105.205,154,106.674,240,107.286,222,-2.08123,195
"2017","Georgia St.",69.8133,157,68.4882,151,103.762,168,103.884,186,100.671,99,101.491,102,2.39253,131
"2017","Georgia Tech",69.1429,197,68.1493,179,95.9886,316,99.977,259,96.7752,37,90.9783,6,8.99865,77
"2017","Gonzaga",70.8026,104,70.0513,75,116.658,6,118.364,15,86.8245,1,86.3154,1,32.0482,1
"2017","Grambling St.",68.309,240,67.1141,223,98.592,273,96.5218,311,105.986,226,112.754,316,-16.2327,327
"2017","Grand Canyon",71.0163,96,68.8578,123,101.222,221,101.596,228,95.2999,20,100.629,90,0.966911,152
"2017","Green Bay",76.3539,5,74.029,7,102.286,193,101.97,218,102.216,140,103.415,151,-1.44492,190
"2017","Hampton",70.4882,116,68.5681,144,96.3653,313,93.3849,333,101.525,127,106.919,215,-13.5343,310
"2017","Hartford",69.9959,145,68.396,161,94.0402,330,92.5642,337,108.634,284,110.967,300,-18.4031,334
"2017","Harvard",67.4168,272,66.9875,234,106.261,112,106.763,131,99.5748,68,102.033,111,4.73099,112
"2017","Hawaii",68.0833,250,67.0674,226,97.8887,286,97.1045,301,99.8153,73,106.083,201,-8.97877,269
"2017","High Point",66.522,297,65.6493,291,100.454,235,98.9265,273,104.31,193,108.147,241,-9.2209,270
"2017","Hofstra",68.9009,214,67.6123,204,110.603,46,111.047,63,111.184,326,112.399,311,-1.35256,188
"2017","Holy Cross",61.5135,349,60.3303,349,97.7128,293,98.7137,278,100.894,108,102.943,136,-4.22981,215
"2017","Houston",65.7895,314,65.3153,299,111.396,36,113.544,39,98.5496,54,99.9287,79,13.6152,52
"2017","Houston Baptist",71.9185,60,70.2591,69,104.575,151,105.204,155,108.175,271,110.285,287,-5.08079,221
"2017","Howard",68.3262,239,67.9936,186,92.3911,340,90.4367,347,106.117,228,110.221,286,-19.7839,338
"2017","Idaho",67.5825,266,66.4223,259,104.037,162,101.783,224,103.254,164,106.021,199,-4.23828,216
"2017","Idaho St.",70.5848,112,68.8764,121,97.7691,292,97.8889,291,114.621,340,115.798,337,-17.9086,332
"2017","Illinois",68.481,231,66.6593,253,102.397,192,107.158,123,100.718,102,95.853,35,11.3055,66
"2017","Illinois Chicago",73.539,29,72.079,25,101.088,225,101.066,237,104.145,189,107.469,226,-6.40253,238
"2017","Illinois St.",65.5614,319,64.8537,307,104.56,152,107.626,115,92.8453,8,93.6269,19,13.9987,49
"2017","Incarnate Word",73.3612,31,71.6249,32,101.471,214,101.708,226,110.238,317,114.316,329,-12.6079,304
"2017","Indiana",69.4113,182,68.3339,167,111.972,29,116.135,27,103.762,178,101.647,104,14.4871,44
"2017","Indiana St.",70.0051,144,69.6152,91,95.9332,317,99.5444,267,102.059,136,102.321,117,-2.77691,199
"2017","Iona",72.3638,50,70.5565,60,110.087,50,110.83,66,104.754,200,106.632,211,4.19832,117
"2017","Iowa",72.8834,36,71.1539,44,107.489,90,113.035,43,104.64,195,102.556,122,10.4791,71
"2017","Iowa St.",70.6138,109,68.2961,170,112.423,25,119.732,11,101.308,119,96.2861,42,23.446,17
"2017","IUPUI",71.5585,72,69.2272,102,107.11,94,106.993,126,110.211,315,109.758,275,-2.76544,198
"2017","Jackson St.",65.6804,318,64.2993,316,96.7393,306,92.7463,336,102.533,148,109.099,258,-16.3524,329
"2017","Jacksonville",69.7785,160,67.8188,197,106.35,111,102.339,212,108.642,286,111.948,306,-9.6093,275
"2017","Jacksonville St.",64.8271,331,63.5384,329,105.599,129,105.87,147,104.685,198,105.239,186,0.631542,158
"2017","James Madison",65.6924,316,63.9128,326,99.1295,258,98.7953,275,104.734,199,104.108,162,-5.31315,223
"2017","Kansas",71.2441,85,70.1692,72,115.595,11,121.951,5,99.8468,74,94.5009,24,27.4505,6
"2017","Kansas St.",67.4704,269,66.1562,268,106.598,104,113.05,42,100.087,81,95.6102,33,17.4402,30
"2017","Kennesaw St.",71.0821,90,69.2873,101,104.731,147,102.656,206,108.559,280,110.174,285,-7.51873,253
"2017","Kent St.",70.38,123,68.2502,172,105.958,119,104.918,159,102.488,147,103.241,142,1.67702,141
"2017","Kentucky",74.2078,19,71.9409,26,113.827,15,119.099,12,96.0022,25,91.3767,7,27.7224,4
"2017","La Salle",69.2358,190,68.6009,142,107.482,91,110.577,69,108.854,288,108.773,251,1.80436,140
"2017","Lafayette",69.7173,164,69.2083,104,93.435,333,96.5423,310,109.146,295,113.332,321,-16.7895,330
"2017","Lamar",69.5955,170,68.0645,182,104.446,154,103.172,194,103.753,177,108.756,250,-5.58402,226
"2017","Lehigh",70.0407,140,69.5933,92,106.4,110,107.481,117,99.5684,66,103.252,144,4.22863,115
"2017","Liberty",63.8913,342,62.6607,342,102.134,198,99.9214,261,100.645,97,103.854,161,-3.93236,211
"2017","Lipscomb",75.6789,8,74.1399,6,108.851,65,107.277,121,104.988,203,106.972,218,0.305205,165
"2017","Little Rock",65.4842,322,63.201,336,100.201,241,98.2044,288,103.899,182,105.143,184,-6.93831,245
"2017","LIU Brooklyn",68.4777,232,66.9664,236,102.412,191,100.205,254,101.072,113,107.72,233,-7.51563,252
"2017","Long Beach St.",71.0292,94,69.5117,96,101.691,206,104.65,165,108.329,274,110.131,284,-5.48079,225
"2017","Longwood",70.8674,100,70.4482,61,93.0655,336,92.2034,340,114.202,338,117.356,343,-25.1524,347
"2017","Louisiana Lafayette",72.7935,40,72.1863,23,110.285,48,111.118,61,106.41,235,109.828,279,1.2897,146
"2017","Louisiana Monroe",65.9047,313,64.9191,305,97.0779,300,98.3126,286,105.086,207,106.855,214,-8.54197,262
"2017","Louisiana Tech",70.247,130,68.4504,155,108.906,64,107.933,107,95.4345,21,100.871,95,7.06197,93
"2017","Louisville",68.414,236,67.8548,195,112.3,26,117.217,22,96.2743,28,91.7057,8,25.511,9
"2017","Loyola Chicago",66.2469,306,65.6997,287,106.713,102,108.889,92,100.19,85,102.442,121,6.44763,97
"2017","Loyola Marymount",68.5648,227,67.162,218,101.39,216,103.014,198,103.709,175,103.411,150,-0.397319,175
"2017","Loyola MD",66.9575,287,66.1473,269,97.1885,299,98.405,284,101.392,122,104.218,166,-5.81285,227
"2017","LSU",73.1786,33,71.8609,27,102.443,190,109.632,80,113.24,335,109.882,280,-0.250257,172
"2017","Maine",69.0581,203,67.9062,193,92.0423,343,91.0709,346,109.751,308,110.694,292,-19.6236,337
"2017","Manhattan",71.8708,62,68.8371,124,96.4207,312,96.9855,306,106.207,229,107.624,231,-10.6386,287
"2017","Marist",69.0418,204,66.7883,243,99.7416,250,100.765,246,113.837,337,114.397,330,-13.6327,312
"2017","Marquette",71.0813,91,70.0339,76,115.193,14,120.795,8,106.081,227,104.216,165,16.5796,32
"2017","Marshall",77.399,3,77.606,3,109.453,55,110.825,67,107.823,265,109.7,274,1.12534,149
"2017","Maryland",67.8287,258,67.1423,221,107.794,86,113.099,41,101.181,116,98.7654,64,14.3335,46
"2017","Maryland Eastern Shore",69.201,194,68.398,160,99.7674,249,97.835,292,109.003,290,112.657,314,-14.8225,321
"2017","Massachusetts",72.964,35,71.8037,29,98.6149,272,100.629,248,98.7488,55,99.9926,80,0.636178,157
"2017","McNeese St.",71.9535,58,69.8349,85,95.69,321,96.2749,315,109.473,303,110.286,288,-14.0108,316
"2017","Memphis",70.0091,143,68.3402,166,104.275,158,106.945,128,100.362,89,100.923,98,6.02143,101
"2017","Mercer",63.4911,348,61.6335,346,108.161,78,109.609,81,108.328,273,108.24,243,1.36887,145
"2017","Miami FL",64.7244,335,62.9756,339,106.198,114,109.872,76,99.1649,62,94.843,25,15.0291,42
"2017","Miami OH",70.8555,102,68.5235,150,96.8128,305,95.9277,319,105.353,216,105.986,198,-10.0584,279
"2017","Michigan",63.7284,345,62.9952,338,116.586,8,122.331,4,103.139,163,99.2844,70,23.0469,20
"2017","Michigan St.",68.0923,249,66.7966,242,105.349,137,111.426,58,100.524,95,95.9137,38,15.5122,40
"2017","Middle Tennessee",66.1388,310,64.56,311,111.71,32,112.209,51,96.1991,27,97.2586,53,14.9502,43
"2017","Milwaukee",65.0759,330,62.4973,344,99.4609,254,99.9541,260,107.541,258,108.321,244,-8.36672,259
"2017","Minnesota",70.3448,125,69.4392,98,104.242,159,109.715,77,96.585,33,93.7181,22,15.9966,37
"2017","Mississippi",73.4233,30,71.5766,33,105.461,134,111.078,62,103.362,167,100.92,97,10.1582,74
"2017","Mississippi St.",70.7998,105,68.8988,118,101.937,202,106.594,135,100.076,79,99.3301,72,7.26388,88
"2017","Mississippi Valley St.",72.1021,55,71.1928,43,95.8224,319,95.8117,320,114.466,339,118.348,347,-22.5368,344
"2017","Missouri",70.4283,119,67.9469,190,97.3392,295,101.542,229,102.767,153,100.905,96,0.637079,156
"2017","Missouri St.",66.2275,308,66.0802,272,106.632,103,108.321,104,104.119,188,106.051,200,2.27069,134
"2017","Monmouth",74.2097,18,72.4069,21,108.507,73,109.161,86,98.3457,49,100.55,89,8.6115,81
"2017","Montana",68.7815,216,66.6832,251,108.11,82,106.12,145,105.933,225,108.176,242,-2.05636,194
"2017","Montana St.",71.5095,73,69.2201,103,107.199,93,103.119,195,107.507,256,109.619,271,-6.50054,239
"2017","Morehead St.",70.4743,117,68.587,143,106.876,98,106.713,133,109.892,309,109.775,277,-3.06203,203
"2017","Morgan St.",69.7991,159,67.6532,203,95.3251,323,91.173,344,100.492,94,106.647,212,-15.4738,324
"2017","Mount St. Mary's",68.3018,241,66.8053,241,99.2467,256,99.5652,266,100.14,83,103.416,152,-3.85061,209
"2017","Murray St.",70.2106,133,68.6176,139,109.615,53,107.203,122,107.463,254,109.811,278,-2.6079,197
"2017","Navy",64.7797,333,64.125,321,99.3615,255,99.8821,262,99.5924,69,103.358,146,-3.47641,206
"2017","Nebraska",69.4049,183,68.034,185,99.0719,260,104.962,157,105.336,215,99.8271,77,5.13443,107
"2017","Nebraska Omaha",75.7714,7,73.697,9,108.145,80,108.588,98,109.896,310,108.994,255,-0.406059,176
"2017","Nevada",70.8624,101,69.6592,88,112.092,28,114.654,36,100.374,90,101.343,101,13.3102,54
"2017","New Hampshire",66.3528,301,65.3591,296,102.532,184,102.391,211,101.099,115,103.195,140,-0.804191,182
"2017","New Mexico",70.4733,118,68.8052,126,103.724,169,106.489,137,102.557,149,103.043,137,3.44573,119
"2017","New Mexico St.",69.5993,169,67.8737,194,110.427,47,110.496,70,98.1505,46,102.603,124,7.89238,84
"2017","New Orleans",68.4026,237,66.1401,270,101.978,201,101.236,235,99.7015,72,101.753,106,-0.51664,178
"2017","Niagara",71.767,64,68.961,115,102.044,200,101.385,232,107.484,255,109.286,267,-7.90171,256
"2017","Nicholls St.",71.6051,68,69.3984,99,99.9732,244,100.469,250,113.074,334,114.24,326,-13.771,315
"2017","NJIT",70.6932,108,67.5295,209,100.242,240,98.6585,280,108.354,276,109.213,264,-10.5548,286
"2017","Norfolk St.",70.2956,128,68.78,128,96.6704,308,94.1929,330,102.013,135,106.109,203,-11.916,299
"2017","North Carolina",72.4375,48,71.2226,41,115.379,13,120.699,9,97.7324,44,92.4825,11,28.217,3
"2017","North Carolina A&T",64.6828,336,62.7653,341,96.5153,310,95.4621,321,116.555,349,123.167,351,-27.7049,349
"2017","North Carolina Central",68.2964,242,66.6152,256,107.014,95,102.266,214,93.6818,10,101.9,109,0.365738,161
"2017","North Carolina St.",71.9609,57,70.2436,70,106.966,96,112.572,45,110.213,316,107.593,229,4.97893,109
"2017","North Dakota",72.6568,43,71.4976,35,106.597,105,103.625,188,101.499,124,103.592,157,0.0327995,168
"2017","North Dakota St.",68.7881,215,66.6634,252,105.605,128,104.607,166,104.095,186,104.421,170,0.185766,167
"2017","North Florida",72.2742,52,69.7893,86,101.53,211,101.831,221,110.349,321,109.474,268,-7.64283,255
"2017","North Texas",71.0545,92,70.0834,73,95.8085,320,96.2997,314,106.323,232,110.818,294,-14.5181,320
"2017","Northeastern",67.2253,279,66.0198,274,105.803,123,107.021,125,105.896,223,106.391,208,0.629942,159
"2017","Northern Arizona",70.8371,103,69.1536,107,96.4953,311,95.1435,326,107.575,261,110.424,289,-15.2809,323
"2017","Northern Colorado",70.3063,127,68.4146,158,98.2691,280,96.6054,309,105.634,219,106.933,216,-10.3272,283
"2017","Northern Illinois",69.1186,199,66.7133,248,99.2182,257,98.9084,274,101.093,114,102.379,120,-3.47006,205
"2017","Northern Iowa",64.6261,337,63.4013,332,93.6522,332,97.6056,295,100.003,77,97.5974,57,0.00821182,169
"2017","Northern Kentucky",70.2299,132,67.9756,188,106.509,107,106.771,130,102.679,151,104.86,179,1.91162,138
"2017","Northwestern",66.5104,298,65.5192,292,106.829,99,111.348,59,98.7535,56,95.5325,32,15.8152,38
"2017","Northwestern St.",72.7809,41,71.2199,42,100.874,228,101.053,238,108.98,289,112.452,312,-11.399,293
"2017","Notre Dame",67.6563,265,66.9916,232,113.717,17,118.095,18,102.069,137,98.3538,61,19.7417,27
"2017","Oakland",74.2546,16,71.8484,28,105.829,122,104.944,158,96.3115,30,99.0423,67,5.90157,103
"2017","Ohio",72.1946,54,70.3056,67,106.524,106,105.587,148,97.6647,43,99.8618,78,5.72496,105
"2017","Ohio St.",68.6564,224,67.9101,192,105.555,132,111.146,60,101.249,118,100.943,99,10.2031,73
"2017","Oklahoma",71.1058,89,69.9131,82,100.323,238,107.415,118,102.653,150,95.9315,39,11.4831,65
"2017","Oklahoma St.",72.3445,51,70.3118,66,117.672,5,125.965,1,108.601,282,103.49,154,22.4748,22
"2017","Old Dominion",63.7357,344,61.0258,348,100.519,234,100.634,247,95.0578,17,97.1942,51,3.43944,120
"2017","Oral Roberts",71.2512,84,68.9895,113,102.695,180,104.415,169,112.167,331,110.716,293,-6.30117,236
"2017","Oregon",68.6751,223,67.0005,231,113.785,16,118.241,17,96.2918,29,93.2176,17,25.0232,10
"2017","Oregon St.",67.0323,285,64.4559,313,92.6391,339,96.9946,305,108.596,281,105.719,194,-8.72388,264
"2017","Pacific",67.809,261,66.4196,260,96.8203,303,99.5048,269,106.587,238,106.484,210,-6.97944,246
"2017","Penn",67.3393,275,66.6211,255,101.699,205,102.583,209,100.809,105,102.781,132,-0.198385,171
"2017","Penn St.",71.431,78,70.3776,63,98.3464,278,104.513,168,100.041,78,97.2164,52,7.2964,87
"2017","Pepperdine",69.5437,174,68.4717,153,98.6252,271,102.004,217,115.523,345,114.263,327,-12.259,303
"2017","Pittsburgh",67.2263,278,65.338,298,106.469,108,112.417,48,109.747,307,103.689,159,8.7279,79
"2017","Portland",66.841,290,65.7246,286,95.8831,318,98.6878,279,108.631,283,108.927,254,-10.2389,280
"2017","Portland St.",74.2481,17,72.5322,19,106.947,97,104.367,171,107.542,259,110.868,297,-6.50171,240
"2017","Prairie View A&M",68.3672,238,67.5084,211,99.0349,264,98.0379,289,107.306,252,111.678,304,-13.6398,313
"2017","Presbyterian",65.2815,324,64.1153,322,89.215,347,88.9259,349,116.446,347,118.13,346,-29.2046,350
"2017","Princeton",64.5004,338,63.1417,337,109.224,58,109.054,88,95.1885,19,96.4409,45,12.6131,58
"2017","Providence",67.5635,267,66.1385,271,103.657,170,108.498,100,99.0374,61,96.0714,41,12.4268,60
"2017","Purdue",70.0192,142,69.06,111,112.647,21,116.941,25,96.713,34,93.8229,23,23.1182,19
"2017","Quinnipiac",74.8428,12,73.0898,12,101.218,222,101.526,230,110.276,318,112.963,319,-11.4364,294
"2017","Radford",65.2646,325,63.9234,325,96.7223,307,96.1504,317,106.323,233,107.85,236,-11.7,296
"2017","Rhode Island",67.4081,273,66.3223,261,108.958,61,111.478,57,96.7455,35,95.2119,30,16.2657,34
"2017","Rice",73.72,27,72.6589,16,108.661,71,107.848,109,102.818,156,107.113,219,0.734853,155
"2017","Richmond",69.7297,163,68.8828,120,106.165,115,110.009,74,102.686,152,102.8,133,7.20908,92
"2017","Rider",74.0446,22,72.1451,24,101.565,210,100.84,245,101.64,130,104.538,174,-3.69807,208
"2017","Robert Morris",69.9354,151,68.7318,132,91.4943,344,91.6565,341,96.3711,31,100.42,85,-8.76366,266
"2017","Rutgers",67.1803,282,66.1765,266,96.6196,309,101.442,231,100.425,92,99.2185,69,2.22388,135
"2017","Sacramento St.",67.5213,268,65.4958,293,102.629,182,100.951,241,110.044,313,112.197,310,-11.2459,291
"2017","Sacred Heart",71.9149,61,71.0033,50,99.0012,266,97.5703,297,103.689,174,109.682,272,-12.1116,301
"2017","Saint Joseph's",69.6948,166,68.352,165,99.0066,265,102.19,215,104.281,192,103.239,141,-1.04921,183
"2017","Saint Louis",65.5487,320,63.4517,331,93.0083,337,95.3877,324,105.175,211,104.968,181,-9.58031,273
"2017","Saint Mary's",61.2371,350,60.1562,350,117.741,3,118.694,14,93.5471,9,95.0327,27,23.6616,15
"2017","Saint Peter's",63.5154,347,61.2405,347,103.648,171,102.562,210,95.0618,18,95.8855,36,6.67697,95
"2017","Sam Houston St.",72.0206,56,70.0194,77,98.5098,275,97.2375,299,100.085,80,103.424,153,-6.18687,234
"2017","Samford",69.3238,185,68.5341,149,108.141,81,107.765,111,105.537,217,107.502,227,0.263136,166
"2017","San Diego",64.3769,340,63.2397,335,96.9519,302,100.055,258,108.11,268,108.447,247,-8.39145,260
"2017","San Diego St.",66.6847,296,64.8485,308,101.841,204,104.093,181,93.9561,13,95.1001,29,8.9925,78
"2017","San Francisco",69.4277,181,69.0986,109,102.132,199,102.816,204,97.2137,39,98.0732,59,4.74247,111
"2017","San Jose St.",71.6272,67,70.6295,57,98.2341,281,100.364,252,104.484,194,104.462,171,-4.09793,213
"2017","Santa Clara",63.9552,341,62.4981,343,102.467,188,105.529,149,101.508,126,102.726,131,2.80269,126
"2017","Savannah St.",82.9977,1,80.9541,1,101.361,217,100.558,249,109.727,306,114.693,333,-14.1352,317
"2017","Seattle",70.0379,141,67.5952,206,95.3111,324,95.9837,318,101.567,129,104.728,177,-8.74403,265
"2017","Seton Hall",69.0202,206,67.4761,214,104.667,148,109.453,83,100.936,110,95.8154,34,13.6379,51
"2017","Siena",70.7365,106,68.6121,140,105.663,127,106.198,140,105.279,214,106.354,206,-0.155996,170
"2017","SIU Edwardsville",70.8969,99,69.1622,106,95.4797,322,95.0591,327,108.255,272,109.211,263,-14.1519,318
"2017","SMU",63.7032,346,63.3828,333,116.459,9,119.771,10,94.3413,14,95.0299,26,24.7415,11
"2017","South Alabama",70.7221,107,69.6606,87,98.6445,270,98.7485,277,103.727,176,105.505,191,-6.7567,243
"2017","South Carolina",69.5582,173,68.5512,147,103.083,178,108.923,91,92.4932,6,88.1173,3,20.8054,24
"2017","South Carolina St.",69.3443,184,68.2399,173,97.8511,290,99.0014,271,115.011,342,118.469,348,-19.4672,336
"2017","South Dakota",72.7682,42,70.6846,54,105.301,140,104.152,179,102.901,157,102.666,125,1.48607,143
"2017","South Dakota St.",69.216,191,67.1387,222,108.84,67,110.212,71,111.219,327,111.405,303,-1.19276,185
"2017","South Florida",69.2088,192,68.6612,137,93.3369,334,96.4423,313,107.589,262,107.721,234,-11.2791,292
"2017","Southeast Missouri St.",69.9303,152,68.4802,152,104.787,145,103.413,191,107.048,249,109.286,266,-5.87285,228
"2017","Southeastern Louisiana",69.1979,195,67.0477,228,100.723,232,97.7756,294,99.5685,67,103.833,160,-6.05714,231
"2017","Southern",69.4889,177,68.4373,156,101.244,220,97.9337,290,105.268,213,113.642,322,-15.7083,326
"2017","Southern Illinois",66.1022,311,65.3064,300,101.035,227,104.772,163,103.334,165,103.682,158,1.08974,150
"2017","Southern Miss",67.2989,276,65.4601,294,91.0921,345,92.9687,334,106.824,242,108.489,249,-15.52,325
"2017","Southern Utah",73.0392,34,71.3075,36,102.499,186,101.29,234,116.522,348,119.615,349,-18.3251,333
"2017","St. Bonaventure",70.5546,113,68.6767,136,108.079,83,109.042,89,101.505,125,101.811,108,7.23047,91
"2017","St. Francis NY",68.6091,226,67.0721,225,88.7609,348,87.9622,350,107.543,260,112.078,308,-24.1163,346
"2017","St. Francis PA",70.9544,98,70.2213,71,103.976,163,102.155,216,104.67,196,109.762,276,-7.60721,254
"2017","St. John's",73.9333,24,73.2237,11,104.137,160,108.979,90,106.412,236,102.719,130,6.25928,99
"2017","Stanford",69.2415,188,68.2942,171,99.67,252,104.793,161,102.997,161,98.8776,65,5.91496,102
"2017","Stephen F. Austin",68.4343,235,66.2185,264,98.0289,283,96.7438,308,99.9832,76,102.926,135,-6.18235,233
"2017","Stetson",74.5255,13,72.3344,22,101.122,224,100.926,243,112.851,333,115.374,334,-14.4483,319
"2017","Stony Brook",66.9305,289,65.8206,280,103.519,172,101.813,223,102.94,158,105.913,196,-4.09922,214
"2017","Syracuse",67.9078,253,66.7277,245,111.564,33,115.633,30,103.857,180,102.326,118,13.307,55
"2017","TCU",68.1236,248,67.0124,230,108.516,72,114.497,37,101.994,134,96.9882,50,17.5089,29
"2017","Temple",67.8472,256,67.0307,229,103.247,176,108.3,105,103.872,181,104.365,168,3.93527,118
"2017","Tennessee",71.3506,82,69.3013,100,103.286,175,110.088,73,101.41,123,97.4665,56,12.6211,57
"2017","Tennessee Martin",69.4556,179,67.4725,215,107.871,85,106.718,132,108.504,279,110.637,291,-3.91913,210
"2017","Tennessee St.",68.4361,234,66.9308,237,100.603,233,100.276,253,98.4247,50,99.6835,74,0.592267,160
"2017","Tennessee Tech",69.9928,147,68.2208,174,100.199,242,98.9413,272,105.195,212,106.97,217,-8.02833,257
"2017","Texas",68.5314,230,67.505,212,97.8613,289,104.197,177,100.697,101,93.6946,21,10.502,70
"2017","Texas A&M",66.8153,291,64.4575,312,104.924,143,108.759,95,101.379,121,97.2742,54,11.4843,64
"2017","Texas A&M Corpus Chris",69.8,158,68.6948,134,104.518,153,102.866,203,100.926,109,103.36,147,-0.493723,177
"2017","Texas Southern",69.5673,172,68.5638,145,105.932,120,103.498,189,103.632,173,107.54,228,-4.04149,212
"2017","Texas St.",63.8833,343,62.2355,345,102.156,197,101.356,233,99.0151,60,101.724,105,-0.368068,174
"2017","Texas Tech",66.0026,312,63.7199,327,109.432,56,112.557,47,100.149,84,97.4461,55,15.1109,41
"2017","The Citadel",80.6715,2,79.6689,2,104.44,156,105.524,150,116.082,346,116.55,340,-11.0263,288
"2017","Toledo",69.103,201,66.309,263,108.953,62,108.776,94,105.93,224,106.09,202,2.68553,128
"2017","Towson",68.7238,220,67.8455,196,105.278,141,105.493,151,100.828,106,101.272,100,4.22058,116
"2017","Troy",69.1477,196,68.062,183,108.941,63,109.708,78,104.817,201,107.666,232,2.04214,137
"2017","Tulane",71.1303,88,70.3567,64,97.8711,288,102.637,208,109.301,299,109.214,265,-6.57694,241
"2017","Tulsa",67.8135,260,68.1192,181,99.0904,259,104.343,173,103.545,171,102.903,134,1.44058,144
"2017","UAB",67.7379,262,65.9987,275,103.929,165,103.864,187,103.415,169,106.381,207,-2.51762,196
"2017","UC Davis",69.8652,154,68.8649,122,97.892,285,97.8128,293,98.5394,53,102.225,115,-4.41189,218
"2017","UC Irvine",67.0136,286,66.4374,258,101.506,212,101.866,220,97.4826,41,100.006,82,1.86049,139
"2017","UC Riverside",68.9647,209,67.7923,199,92.1141,342,92.2393,339,102.8,155,105.871,195,-13.6317,311
"2017","UC Santa Barbara",66.3465,302,63.9869,324,90.4772,346,91.2885,343,107.177,250,109.124,260,-17.8353,331
"2017","UCF",66.1584,309,65.9569,277,100.785,231,104.148,180,92.5151,7,93.2334,18,10.9147,68
"2017","UCLA",74.1583,20,72.5282,20,121.09,1,124.038,2,102.328,144,100.406,84,23.6321,16
"2017","UMass Lowell",72.8256,38,71.6604,31,105.562,131,104.319,175,110.862,324,115.812,338,-11.4926,295
"2017","UMBC",71.4406,76,70.9429,52,109.608,54,107.87,108,106.863,244,110.838,295,-2.96766,201
"2017","UMKC",73.8906,26,70.6545,56,101.453,215,103.019,197,106.885,246,107.438,224,-4.41958,219
"2017","UNC Asheville",68.7748,217,68.201,176,108.453,76,107.401,119,98.774,57,102.56,123,4.84169,110
"2017","UNC Greensboro",67.8605,255,66.8202,239,107.559,88,107.719,113,103.787,179,104.533,173,3.18575,121
"2017","UNC Wilmington",70.078,138,70.3397,65,117.802,2,118.04,19,105.581,218,105.582,193,12.4574,59
"2017","UNLV",70.4156,120,68.3107,169,96.3072,314,98.2625,287,105.664,220,105.279,187,-7.01679,248
"2017","USC",70.091,136,68.6872,135,111.407,35,114.151,38,104.064,185,100.695,91,13.4558,53
"2017","USC Upstate",70.4911,115,68.3168,168,106.119,117,104.206,176,109.35,300,111.088,301,-6.88281,244
"2017","UT Arlington",71.2621,83,70.5754,59,108.485,74,110.664,68,99.2112,63,100.865,94,9.7991,75
"2017","UT Rio Grande Valley",75.9431,6,73.8858,8,99.0596,261,100.921,244,109.236,297,112.942,318,-12.0209,300
"2017","Utah",69.7057,165,68.6062,141,110.688,42,113.52,40,99.2119,64,99.3224,71,14.1977,47
"2017","Utah St.",68.7137,222,66.4878,257,103.908,167,106.833,129,103.93,183,104.413,169,2.41976,130
"2017","Utah Valley",75.2579,10,72.9068,13,99.0461,263,101,240,97.5139,42,99.7459,75,1.25381,147
"2017","UTEP",67.659,264,66.1716,267,99.9639,245,99.7432,265,100.583,96,102.677,127,-2.93339,200
"2017","UTSA",69.0823,202,67.9778,187,94.1633,329,95.4215,323,100.233,86,102.674,126,-7.25233,251
"2017","Valparaiso",69.616,168,67.1571,219,105.734,125,106.305,139,97.9123,45,100.487,88,5.81721,104
"2017","Vanderbilt",67.1435,283,65.7457,284,105.785,124,112.417,49,100.959,111,95.8915,37,16.5251,33
"2017","VCU",68.9787,208,68.7109,133,106.77,101,110.117,72,95.6341,23,96.0459,40,14.0715,48
"2017","Vermont",65.2919,323,64.4301,315,112.533,23,111.043,64,97.0051,38,99.377,73,11.6662,63
"2017","Villanova",65.5396,321,64.0059,323,117.674,4,122.418,3,95.9647,24,92.5347,12,29.8834,2
"2017","Virginia",60.2515,351,59.0831,351,108.035,84,112.236,50,92.1125,4,87.9423,2,24.2936,12
"2017","Virginia Tech",69.7602,161,68.3597,164,112.59,22,117.36,21,106.937,247,103.563,156,13.7978,50
"2017","VMI",69.9737,148,69.0002,112,97.2221,298,97.5854,296,114.983,341,113.846,323,-16.2606,328
"2017","Wagner",64.8006,332,62.8829,340,102.711,179,101.033,239,101.246,117,108.025,239,-6.99198,247
"2017","Wake Forest",71.7061,66,70.6014,58,115.469,12,120.895,7,109.726,305,104.649,176,16.2458,36
"2017","Washington",72.7984,39,70.9737,51,104.442,155,107.777,110,111.126,325,107.44,225,0.336937,163
"2017","Washington St.",69.2563,187,67.6013,205,100.446,236,104.397,170,110.285,319,106.117,204,-1.72066,193
"2017","Weber St.",68.919,213,66.9219,238,110.675,43,108.467,101,106.654,239,109.007,256,-0.539484,179
"2017","West Virginia",71.4009,80,69.8772,83,111.906,30,116.536,26,92.3219,5,89.3655,4,27.1704,7
"2017","Western Carolina",68.9558,210,66.726,246,86.5294,351,90.0174,348,107.539,257,105.126,183,-15.1085,322
"2017","Western Illinois",70.6065,110,68.7527,131,97.2351,297,97.1187,300,109.077,293,108.874,253,-11.7553,297
"2017","Western Kentucky",67.4516,270,65.7851,282,102.491,187,102.968,199,106.88,245,109.12,259,-6.15133,232
"2017","Western Michigan",70.1116,135,67.7964,198,106.811,100,107.131,124,106.834,243,106.771,213,0.359248,162
"2017","Wichita St.",69.2661,186,67.9455,191,116.593,7,118.712,13,90.5399,2,92.569,13,26.1427,8
"2017","William & Mary",71.4706,75,70.9137,53,111.223,38,111.962,52,110.038,312,109.685,273,2.27705,133
"2017","Winthrop",71.2349,86,71.0594,47,108.243,77,106.149,144,97.3156,40,101.624,103,4.52452,113
"2017","Wisconsin",64.4294,339,63.3641,334,110.868,41,115.055,33,95.5393,22,92.0662,9,22.9883,21
"2017","Wofford",67.8813,254,66.7039,249,108.469,75,109.878,75,108.453,278,108.343,245,1.53509,142
"2017","Wright St.",71.3732,81,68.942,117,105.352,136,106.556,136,103.362,166,106.227,205,0.329247,164
"2017","Wyoming",74.0532,21,72.8613,14,103.912,166,104.783,162,100.676,100,101.998,110,2.78567,127
"2017","Xavier",68.1924,245,67.0748,224,109.137,60,115.773,29,104.26,191,99.0774,68,16.6952,31
"2017","Yale",68.2454,243,68.1322,180,106.163,116,106.181,141,103.44,170,105.166,185,1.01541,151
"2017","Youngstown St.",73.6162,28,71.6618,30,100.806,230,102.646,207,110.417,322,112.932,317,-10.2865,282
